filename,query,source_url,content_type,sha256,width,height
lion_0000.jpg,lion,https://upload.wikimedia.org/wikipedia/commons/7/73/Lion_waiting_in_Namibia.jpg,image/jpeg,564e2b276db9c097c0b1496fa2c60e092b971094f9c9de1dfa489f90add1686f,1024,768
lion_0002.jpg,lion,https://upload.wikimedia.org/wikipedia/commons/thumb/a/a6/020_The_lion_king_Snyggve_in_the_Serengeti_National_Park_Photo_by_Giles_Laurent.jpg/640px-020_The_lion_king_Snyggve_in_the_Serengeti_National_Park_Photo_by_Giles_Laurent.jpg,image/jpeg,57804898f86dfbac9a378a4fe5ab50ba95f0064b3ef7d92775f0c19a8e8489f7,640,427
lion_0001.jpg,lion,http://2.bp.blogspot.com/-k1LTVxtn0Ls/UA5xzZv7o9I/AAAAAAAANNE/7Wg33Qnv-Aw/s1600/Lion5+-+Copy.jpg,image/jpeg,f0dd2b64e1f8856b8fa8823b8a15f15f40bed64e232949647b45f1e31008405b,1024,685
lion_0004.jpg,lion,https://www.mandai.com/content/dam/wrs/singapore-zoo/animals/signpost/1x1/lion-1X1.jpg,image/jpeg,6eed103a9cd2137fc77cd1851b435f85545291d1a741515121aa16047568b0be,1024,1024
lion_0006.jpg,lion,https://facts.net/wp-content/uploads/2016/11/lion-3576045_1920.jpg,image/webp,344216ff03cfdc62cdf94d61a3d4b817ac76f27381e8390311c26dc5102d507b,1024,647
lion_0008.jpg,lion,http://media.istockphoto.com/photos/lion-picture-id182404172?k=6&m=182404172&s=612x612&w=0&h=6dRpSB6t0VrFo08r3dTZLSoWaGy0A7PFG88wmk0nl8Q=,image/jpeg,5c530d50cb5572ffb1f6fe80a5e6078a9429249ffd12cb231bbf05fa89383391,612,459
lion_0007.jpg,lion,https://get.wallhere.com/photo/face-eyes-lion-fur-mane-1024123.jpg,image/jpeg,d696871e4f7b784a9eed7df5bd7baa69ee6c647697ce5951d77f5642528a2f98,1024,576
lion_0012.jpg,lion,https://assets.entrepreneur.com/content/3x2/2000/20151009184852-lion-king-of-the-jungle.jpeg,image/jpeg,d24849c87216e9cbc0168c405aed3a68dd759df07e9110a179a734d956f5728b,1024,683
lion_0011.jpg,lion,http://2.bp.blogspot.com/-ez7ASSZ8bpo/T9gl_3zySDI/AAAAAAAAK9U/H_Fqrq0R4cE/s1600/Lion-002.jpg,image/jpeg,5568f668b4618bb2336160eac747bc651e495d72df6a2ee2ad86353cdd9811db,1024,768
lion_0003.jpg,lion,https://cdn.britannica.com/30/150930-120-D3D93F1E/lion-Namibia.jpg,image/jpeg,b11e59eae23eee82f9a89daf9d6e23760371bac881bc7c79d0b5f9e172d9b240,900,675
lion_0005.jpg,lion,https://windows10spotlight.com/wp-content/uploads/2022/09/576707aed548be7493e4c2b10119b63b.jpg,image/jpeg,9496c191b8d4d90241bcf8bc0522d5eba15a32efa820b038fa92325b9f5a5225,1024,576
lion_0010.jpg,lion,https://cdn.britannica.com/70/226370-050-596C5055.jpg,image/jpeg,45e09fc0588e3b9a1beb151deebdf4668e57f870ce9b40813e55891313488fcb,1024,676
lion_0013.jpg,lion,https://4.bp.blogspot.com/-45LO36gi2R8/VaK4r4Xr48I/AAAAAAABsGM/ugC2xLiI5iM/s0/Lion_King_wallpaper.jpg,image/jpeg,82b4a982982693c63e88db8c746723fa4e38a859e86182aad67f1b8dbdbec56b,1024,640
lion_0016.jpg,lion,http://3.bp.blogspot.com/-9vA5pTMYj1U/TxvZfFhsMVI/AAAAAAAALXE/4VT-1f9Mqjk/s1600/lion-shutterstock.jpg,image/jpeg,944a5623b594b5944253d1ad41b411415c357ba0b1f8c537e83064b9aad62c84,1024,667
lion_0017.jpg,lion,http://3.bp.blogspot.com/-ZKI5_1lg7ks/T2XG1yqFLUI/AAAAAAAAAek/wY-HSvrJjek/s1600/lion+2.jpg,image/jpeg,a8e1c02a0300f8906220f54b614ff816ea65068b9d3def428f43d4edae4617cc,1024,689
lion_0009.jpg,lion,http://howtodoright.com/wp-content/uploads/2017/09/1200px-Male_Lion_on_Rock.jpg,image/jpeg,e3df3586fb72360099696c5229fd210bf9e88541d439f6693e300979e68940ab,1024,768
lion_0015.jpg,lion,http://images6.fanpop.com/image/photos/35700000/Lion-random-35799282-1796-1796.jpg,image/jpeg,b40ddc4c6ab5d4990565e48132a40814ff5e0a8bea739deabf7a02ad83f7c2cd,1024,1024
lion_0019.jpg,lion,http://getwallpapers.com/wallpaper/full/0/7/9/679166.jpg,image/jpeg,5d01b6654ef3a7f7f8f1f7ace577d58ca853e17955a565236d3739f09b04bc99,1024,576
lion_0021.jpg,lion,http://2.bp.blogspot.com/-xUhDTeNaeCY/UWk0hyEf0rI/AAAAAAAAAFk/kp79USw5ubE/s1600/Wild-Lion.jpg,image/jpeg,16a92f156fc404f903b031f0190188a09c6becff10ab229465e6f5cefe9068a6,1024,768
lion_0022.jpg,lion,http://1.bp.blogspot.com/-WXJwsmoLe0I/TuegJlugVyI/AAAAAAAACxY/lUyvrdpFEEM/s1600/21.jpeg,image/jpeg,259f868985e48b9720cfb0b4fee79304c5f8e8da5940f8d34e4c31f8ae7fd7aa,1024,768
lion_0027.jpg,lion,http://4.bp.blogspot.com/-w3B6RfUz3vs/UA5xs0YKUzI/AAAAAAAANM8/ynGfWJUmIag/s1600/Lion4+-+Copy.jpg,image/jpeg,ba3d8d7927d76e41248ab7e7f74b47d14ad48807e92a02f2f62022cabc9b904c,1024,681
lion_0026.jpg,lion,https://i.pinimg.com/736x/d0/a6/41/d0a6419bfddface43124de4310e82bc4--asiatic-lion-leo-lion.jpg,image/jpeg,d7d93622f4d191bb61b40c111639ff41b4ca847db3b37da45b83f5914f8a9c4d,735,490
lion_0028.jpg,lion,http://4.bp.blogspot.com/-7QZPHX0yxXk/Tpq5WIb_MFI/AAAAAAAAAPI/o1hoGTuYx_4/s1600/lion.jpg,image/jpeg,d06691b270f589ec44a7bdae7798d27d5a7abf066b3074439657f370f6034fa6,1024,768
lion_0023.jpg,lion,https://cdn.pixabay.com/photo/2015/03/24/05/43/lion-687103_960_720.jpg,image/jpeg,01c6acf115aa974d2ca140bd3191582f37de984338aef9144fccc81a8c5eefe2,960,643
lion_0020.jpg,lion,https://www.uniquemagazines.co.uk/blog/wp-content/uploads/2022/08/13.jpg,image/jpeg,5caa99ef105c96ed9092dd15e37c3742a4184fbca17cd0bd246de8ca5bf7dc60,1024,1024
lion_0025.jpg,lion,http://vignette1.wikia.nocookie.net/cats/images/e/ef/African_lion_king-wide.jpg/revision/latest?cb=20131126052253&path-prefix=en,image/jpeg,9b1ce38cac104184a557bba0495e61bc1e2a7d1f65da699edf7ae54e42a39ede,1024,640
lion_0030.jpg,lion,http://2.bp.blogspot.com/_--uX6KPhHpQ/TRXAiUKhONI/AAAAAAAAAig/0NxwQA-2ByQ/s1600/Lion.6.jpg,image/jpeg,859e37cafe71e9f6259f253f08899e09c5d0330dc6aa88d473ba4f7e064b9c96,1024,679
lion_0032.jpg,lion,https://ichef.bbci.co.uk/news/976/cpsprodpb/1133/production/_83930440_lion-think-976.jpg,image/jpeg,5ec4da5c54913abaa6f3bce71c477668dd6b89cd5412484507d3c9c2e6cb0a7e,976,600
lion_0029.jpg,lion,http://getwallpapers.com/wallpaper/full/d/c/1/777754-lion-cub-wallpaper-1920x1200-for-phone.jpg,image/jpeg,71fa362b993e8ea41231bb780e544ed18c357fdcbc1fa8d4830be5146c161248,1024,640
lion_0035.jpg,lion,https://www.thespotonagency.com/hubfs/Lion.jpg,image/jpeg,a114fb143e02f21f11bb8ca6c81aee9e713e8a864a7a521078574673c47fc12b,1000,665
lion_0031.jpg,lion,http://animals.sandiegozoo.org/sites/default/files/2016-09/Lion_ZN.jpg,image/jpeg,1550d648bd7c9554f88183d6f5901a9838003052bcf014bbf45ebd170e415ead,1024,573
lion_0033.jpg,lion,https://3.bp.blogspot.com/-XSYiMwFHpSU/T_E-yoYl1ZI/AAAAAAAAAHM/RAzOfG3jSeQ/s1600/animals-2.jpg,image/jpeg,b9be394878f80ec382185aef7c09715f56094009297386c5b50e1af8483ad7d9,1024,768
lion_0014.jpg,lion,https://insider.si.edu/wp-content/uploads/2010/03/lion1.JPG,image/jpeg,7c08db6506c2ae8d2dae748e7e48a13886c87a87748c3e1eb7e1be8276f93252,683,1024
lion_0038.jpg,lion,https://upload.wikimedia.org/wikipedia/commons/thumb/9/9e/Lion_(Panthera_leo)_male_6y.jpg/400px-Lion_(Panthera_leo)_male_6y.jpg,image/jpeg,8cead9dbc804b82b2433344f9c015a411d6f101cd6503ed315c5ca2306d3eea0,400,480
lion_0034.jpg,lion,http://cdn.images.express.co.uk/img/dynamic/1/590x/secondary/lion-611225.jpg,image/jpeg,17b745a1e2495affb54061cc85cd098e0e3cb72b95ddbed4ea0f6643db394cb7,590,887
lion_0041.jpg,lion,https://s-media-cache-ak0.pinimg.com/564x/18/fb/91/18fb91f36380e49f7c95db4991e0bd43.jpg,image/jpeg,3510555aec7e8c2f658bc0353ad175df7a3a80dbb6b2b9ee13080f8b81c426e2,564,809
lion_0043.jpg,lion,http://www.whateats.com/wp-content/uploads/2010/03/Lion-Robek.jpg,image/jpeg,4cc8ba5583361005972d30a9b216ac95df8a77f4c5d660d18cc5bba86f98dc90,924,760
lion_0036.jpg,lion,https://cathunter.com/wp-content/uploads/2024/04/Mara_16_Lion_Lipstick_grass1-1.jpg,image/jpeg,c937cc22d49aee080de0df20281d8b04f0b65154d86d8659bf80ceb77e0999a9,1024,683
lion_0039.jpg,lion,"http://i2.wp.com/rootedthinking.com/wp-content/uploads/2015/03/Lion1.jpg?resize=660,593",image/jpeg,e188db1941cfd2e95d97607b73da496a2634fd586a077414c90a96183a0caddc,660,593
lion_0046.jpg,lion,https://cdn.thewire.in/wp-content/uploads/2023/09/07154537/Lion_pose_6649531395.jpg,image/jpeg,c0ec104fc40857aaed57c11570c8357cf0c8c83f64f7fca400a2ba9d512e906a,1024,605
lion_0047.jpg,lion,https://thedailyenlightenment.com/wp-content/uploads/2024/07/shallow-focus-shot-male-lion-resting-grass-field.jpg,image/jpeg,39dabb5b6864cde3b4c4e2846b83bb295397508e85238a2885af0ce0a01abf36,1000,667
lion_0040.jpg,lion,"https://img-cdn.tnwcdn.com/image?fit=1280,720&url=https://cdn0.tnwcdn.com/wp-content/blogs.dir/1/files/2020/10/Untitled-design-2020-10-14T175453.904.png&signature=78990468102c960fab4ea401b28e1009",image/png,1de71c938c58748073c478308420a8f340193db9f0134cdf6fdc924fe20a1bbb,1024,576
lion_0042.jpg,lion,https://files.worldwildlife.org/wwfcmsprod/images/Lion_WWFGIFTS_cover_2020/magazine_small/2wafu1bmcz_b21fc8e6.jpeg,image/jpeg,123490808c8bc00396fb04fe41d3ef5aff602e1fc4854fce01a45fc3241bbfeb,490,399
lion_0049.jpg,lion,https://www.natureinfocus.in/public/plugin/server/tmp/900x500_1920_high_Urmil_Jhaveri_DSC1289.jpg,image/jpeg,20fdd55ea2359be71aeb8cd50d5d3b8afa2ab951173f92a4fdcc4b900367e17d,900,500
lion_0044.jpg,lion,https://wallpaper.dog/large/5540177.jpg,image/jpeg,2493eddbb7c98cfb85f19beb27b1e9d4dd5fcf2948df851fc82127d640611ed2,1024,640
lion_0050.jpg,lion,https://www.publicdomainpictures.net/pictures/230000/velka/lion-1505875810KoE.jpg,image/jpeg,a5b7ea3d0db9050eb34221d59f13dbe42d7d64d017c1e59bae312544ebf15ff1,768,1024
lion_0051.jpg,lion,https://i.pinimg.com/originals/1f/e4/66/1fe466818c38f80fbc0b7852b77b8656.jpg,image/jpeg,4a3581a868c7946b7f45034376161cf356fa2c327ff510794541d7745c40dacf,724,1024
lion_0054.jpg,lion,http://farm4.static.flickr.com/3179/2607656157_0c8366f9c5.jpg,image/jpeg,ccaf5f435efe370e23c7ae8079ae4da369244df3707a825aa2df97c93997448e,400,500
lion_0045.jpg,lion,https://www.krugerpark.co.za/images/black-maned-lion-shem-compion-786x500.jpg,,b96a8ad143fe65997124efefaf3fbbec18a8b713dcdc143ad63b8cb3f4995541,786,500
lion_0053.jpg,lion,https://cdn.pixabay.com/photo/2018/05/03/22/34/lion-3372720_1280.jpg,image/jpeg,00bb00c203cd4c4c72519a890d5a7462dcfe9b71d7bcbd63b4ca473ce7cc6a9a,1024,666
lion_0048.jpg,lion,https://www.animal.photos/mamm1/cat-lion1_files/lion1.jpg,image/jpeg,957c14b5a3f192cf5848a142d0f8bdb570f0a27f2d29cb4682ddbbffc9235599,768,768
lion_0056.jpg,lion,http://www.insidethemagic.net/wp-content/uploads/2015/08/2015_BUSCH_GARDENS_TAMPA_LIONS_09.jpg,image/jpeg,ddf3a1973efff61baffd82399832bfae4dbc1122def66ec9cf3ba723b4359298,1024,683
lion_0052.jpg,lion,https://www.greavesindia.com/wp-content/uploads/2014/10/lion.jpeg,image/jpeg,8c95f7c5940021eeedd7fdc0f32e21cb065424e8a6568d3690978f565c5bace5,1024,764
lion_0057.jpg,lion,https://www.newworldencyclopedia.org/d/images/thumb/1/17/HansomeLion_002.jpg/600px-HansomeLion_002.jpg,image/webp,a27103132cd2ae2acb43e82a2cf687a157de39246fec1b8e347282ccacdaaac3,600,450
lion_0060.jpg,lion,http://2.bp.blogspot.com/--L1WJlasUSg/T_R5wSgOMrI/AAAAAAAABX4/iZM8oE3MXV0/s1600/Lion.jpg,image/jpeg,99ebd7ea2f937505eb32801dbde982de07d8e595bd5fca520af0ca0204a38f0d,434,341
lion_0058.jpg,lion,https://fl-i.thgim.com/public/incoming/pjqi5w/article65751179.ece/alternates/FREE_1200/Project+Lion.jpg,image/webp,bba7524b1e53cfa916a642f9c8d470d4c8e90925d54c5a979a83ef0cdf9f5d0b,1024,938
lion_0062.jpg,lion,https://www.spirit-animals.com/wp-content/uploads/2012/09/Lion1-1024x683.jpg,image/jpeg,84c97eb7d0f1e0fd07252b0b002a90238d99553bf6a04fc8db0b90b41bc8ddee,1024,683
lion_0063.jpg,lion,https://www.naturalhistoryonthenet.com/Mammals/images/africanlion.jpg,image/jpeg,b8fb57743e70f97fb45b657906a5379bba3b429722a3983a53056318e3d4e2d5,800,534
lion_0055.jpg,lion,https://suchscience.net/wp-content/uploads/2024/09/v2-iohkf-7nc65.jpg,image/jpeg,f16a43cc7e23818fa317909a3c17fdad53988555193993c2da63703ab8281119,1024,702
lion_0064.jpg,lion,https://d.newsweek.com/en/full/1555541/lion-stock-getty.jpg,image/jpeg,f97dd59ceb854456aed3e7ae31fb3ea7f9d4e180aa29296434eaebe9cc8330d1,1024,681
lion_0059.jpg,lion,https://cdn1.img.sputniknews.in/img/07e7/08/0a/3506787_0:0:1600:901_1920x0_80_0_0_eade23d3bb5c3a8d1405f041f1fbad8d.jpg,image/jpeg,8a6f2c7c7dead61eb780b9552f4b3bd7891d2690ff4979e86209f57591abb819,1024,577
lion_0065.jpg,lion,https://pro2-bar-s3-cdn-cf2.myportfolio.com/0e5086fcf8fa2b1e7db579aab53dbdb4/3d9afecaa35232dc4188b209_rw_1200.jpg?h=035a81d33a10f010aff473abc1e16248,image/jpeg,167eb33a797aefc367ba2764e9c90b1183b691405cda3220bd686bf9794de454,1024,683
lion_0066.jpg,lion,https://images.hdqwalls.com/download/adult-lion-gr-1920x1200.jpg,image/jpeg,79c80ad244e86eced5a482cd197c05eaf64d0c39cdf171fd566b70da22a5234f,1024,640
lion_0071.jpg,lion,https://a-z-animals.com/media/2023/04/iStock-1478729005.jpg,image/jpeg,104d1c3400389a7c1b6edf0750919bafc7a0e1404ca33f84ad9f854a580530ae,1024,614
lion_0070.jpg,lion,https://upload.wikimedia.org/wikipedia/commons/thumb/a/a1/Lions_Family_Portrait_Masai_Mara.jpg/200px-Lions_Family_Portrait_Masai_Mara.jpg,image/jpeg,95b7d19338a565e69c0aead7e2a008ace615e746684ed29b6ab35d2aa33851db,200,133
lion_0061.jpg,lion,https://institute.sandiegozoo.org/sites/default/files/Lionedit.jpg,image/jpeg,dfea8d40c9624e721c13b1bb17ec7299f3842c419f92c7dd58bb85e34ca3b384,1024,526
lion_0068.jpg,lion,https://s-i.huffpost.com/gen/2362906/images/o-LION-facebook.jpg,image/jpeg,f586a24b8b1ab1344a18d1fc2f3ed0c56f6ddda46d8e7c75472489e358506c17,1024,512
lion_0069.jpg,lion,https://i.pinimg.com/originals/fb/3a/af/fb3aaf7d1f29bf5337f8688bfd7bff85.jpg,image/jpeg,0832c5c10db36feb08b1a8d274fa2ac3e5327872d71addb41566be533d1e8095,721,1024
lion_0072.jpg,lion,https://www.publicdomainpictures.net/pictures/170000/velka/lion-146367567635c.jpg,image/jpeg,a37e092b86011655a0ee85e1cff1f78ef6bc5fd353a0370e2447e1c2b61e68a2,683,1024
lion_0077.jpg,lion,http://3.bp.blogspot.com/-gGVQ2zgyNm4/VSO9rl3zwNI/AAAAAAAAAUo/TDQSG4I-atE/s1600/Lion-pictures.jpg,image/jpeg,9e70f7818d5c07bd73be59a3d5ee24f23a388243fc3e6f4e7eb388439cc29058,1024,674
lion_0079.jpg,lion,https://cdn.openart.ai/published/B8TMIEciKJdATL6vpv7y/ShO9DuTB_KBdb_1024.webp,image/webp,6f01f3f3a378c6d2a6cb43a5988f2edc211861ad301d9c8e2cd9b61f401cbe49,1024,1024
lion_0078.jpg,lion,http://images2.fanpop.com/image/photos/13300000/Lion-the-animal-kingdom-13351779-1024-768.jpg,image/jpeg,f4ccad706b3161484102029d0d34ab242b8df36c55da7d390e97b00afcde84f6,1024,768
lion_0076.jpg,lion,http://robedgcumbe.com/wp-content/uploads/2013/05/wpid6481-AU0E5946.jpg,image/jpeg,b7729a527fb808e5d0c666cfbdf3b38cf7493a091e699d1dd5847d28cfa04834,1000,999
lion_0080.jpg,lion,http://4.bp.blogspot.com/-4hpYjWdLs2Q/Ut0Ex4BrFWI/AAAAAAAAAXQ/IIszMp96eIA/s1600/KK.jpg,image/jpeg,6a0edc873dc72f6d87ae6300d62b0b5f3ce49cac2a55462bbbc451229ed90d30,1024,640
lion_0073.jpg,lion,http://www.universeofsymbolism.com/images/lion-2.jpg,image/jpeg,2f26ff6cb1ff1f4b9049fe176a468566b573d95cd98d8060f6721d44ced3cf7a,634,603
lion_0074.jpg,lion,http://fc00.deviantart.net/fs71/i/2012/306/5/2/indian_lion_by_reto-d5jpw8w.jpg,image/jpeg,8775827b42a444a7f987f38b3baa87f8a6307fcdc6aae817365c857803058591,1024,942
lion_0067.jpg,lion,https://images.news18.com/ibnlive/uploads/2021/08/1628511415_lion-1600x900.jpg,image/jpeg,3aea5da8db01ef1c962d3a8a72e904c3da44e5ff1fec64fe6fbe072b3b2b6f64,1024,576
lion_0084.jpg,lion,https://cdn.pixabay.com/photo/2018/04/13/21/24/lion-3317670_1280.jpg,image/jpeg,7e74ff30cbc03c679cfd0ae290c761bfe54aee0e89015851d8d899811625e843,1024,772
lion_0085.jpg,lion,https://people.com/thmb/DjvPCSldYoCACIdNIiHdC76rzGo=/1500x0/filters:no_upscale():max_bytes(150000):strip_icc():focal(479x389:481x391)/bob-jr-lion-and-his-brother-031523-a51f5980e03f47c78489a081992ee4aa.jpg,image/jpeg,c0191ce7ed75c7c952b708354c486b3f9fd6d11b8344b81abcb9ad1b81d218e5,1024,683
lion_0087.jpg,lion,http://1.bp.blogspot.com/-99SUwgcjxyE/UA5xoKhfNRI/AAAAAAAANM0/5q5eF2YvVrM/s1600/Lion3+-+Copy.jpg,image/jpeg,c1c598328e369963d24016f8bd1a661f62b7f0b058d479f6551e293d31e14950,800,601
lion_0086.jpg,lion,http://www.awf.org/sites/default/files/media/gallery/wildlife/Lion/lion_Theodore_mattis.jpg?itok=lAT56K6j,image/jpeg,b4aa5f0b5d400bb131522214214645900523a9ae6783eb0e4c195405611f7855,892,727
lion_0089.jpg,lion,https://cdn.pixabay.com/photo/2016/01/02/16/53/lion-1118467__340.jpg,image/jpeg,6707e254281108af4c3db8170937493caa9dbb900b8cae86a7cbd96e17356e37,510,340
lion_0088.jpg,lion,http://2.bp.blogspot.com/-eICsR1W07BE/VSO9tyNBVaI/AAAAAAAAAUw/FtqztlvbLbg/s1600/lion.jpg,image/jpeg,b0a6eaa3d97b471c94e8312197315148c27d0898b3f7f43d2680c1172fb6bf1f,1024,640
lion_0091.jpg,lion,https://www.thoughtco.com/thmb/4BIUeCYP8jTDuXme1a8GFUJ8d54=/2250x1500/filters:no_upscale():max_bytes(150000):strip_icc()/shutterstock_197105-56a007085f9b58eba4ae8c8b.jpg,image/jpeg,ab5531e6d8f98e471f644deb22232f0f768e93653abafd6bce1550bb8ae6f15f,1024,683
lion_0082.jpg,lion,https://cms.bbcearth.com/sites/default/files/2020-12/2finx0000001000.jpg,image/jpeg,2697e8aa5f96dcd8bc4d1e47dd377ca6fef70cd0c6f2c6540a7ed1c823a353dd,1024,368
lion_0092.jpg,lion,http://1.bp.blogspot.com/-BPEAnUXvEAw/VDwWVHNmwVI/AAAAAAAATWw/-LKjL4bqFwE/s1600/Lion.jpg,image/jpeg,6e6bdc2e7d76e4f53735dd92d1aa7d2c36f2733dc678c595555dbef9a97783b0,1024,640
lion_0094.jpg,lion,https://images.news18.com/tamil/uploads/2021/10/lion1.jpg,image/jpeg,8a55d10979b1e6d3dd88c52fcf9f04775773b8392455c354c0f866885e2bc6ac,1024,682
lion_0093.jpg,lion,https://i.pinimg.com/originals/ef/00/bd/ef00bdfd39766ee804f9af02d2518851.jpg,image/jpeg,f48f4d3c6488169acdfb502f2747a0bce1bb55edff2c71f6c4426268ba0f271c,1024,612
lion_0090.jpg,lion,https://targetstudy.com/files/img/34/7/M_3875.jpg,image/jpeg,6cb94dd5a6eb5f5f711b0125b372c3d48e14d3b1251cc2c001c021f2be25b86b,365,290
lion_0098.jpg,lion,https://3.bp.blogspot.com/--DR6OlR6Z44/U-bm3LOLFJI/AAAAAAAADNg/GSg5DhZwWt8/s1600/lion.jpg,image/jpeg,bedf842b2e6abcd001293f4c8b4127ee0f960e4723d129eca2911e7d0c3b6078,1024,768
lion_0097.jpg,lion,http://4.bp.blogspot.com/-bsm7h_Auv2Y/UPVao6bjhWI/AAAAAAAAPUE/TDRpIVOpF8U/s1600/Lion+2.jpg,image/jpeg,cdc0bfd910b09eccc8a6c02a14f3b602f6a2d231a2e82858c956b5fa729758f7,1024,576
lion_0096.jpg,lion,https://dq5pwpg1q8ru0.cloudfront.net/2022/09/06/16/24/39/c097e44e-20cf-400e-bf14-c9eb05f6f2b4/Lion.jpg,image/jpeg,8a889b6607f75963aac2a8a9d0546ea30ab7eaf18d2278a5d50fcaf47e7524e7,1024,678
lion_0095.jpg,lion,https://i2-prod.mirror.co.uk/incoming/article17262124.ece/ALTERNATES/s1200c/0_PAY-LIONS-IN-A-HEADLOCK.jpg,image/jpeg,16945356f6709749f18b400e0ab718470aa0d6a3686eae87660528536ee895c6,1024,1024
lion_0099.jpg,lion,https://animalfactguide.com/wp-content/uploads/2013/01/lion.jpg,image/jpeg,292d72e23684bfb37e91e9e0acf80f6988889e0e1d0d0494c10602f5b4f1481e,425,282
lion_0081.jpg,lion,http://www.pbs.org/wnet/nature/files/2014/10/Lion-Main-e1415391315837-1280x600.jpg,image/jpeg,cac297fa3b3448e563b9879e747e24532962c44623587fb087d5344de46f9fa6,1024,480
